except,learn,
learn,opportun,
educ,servic,
divers,student,
student,popul,
communiti,servic,
lifelong,learn,
prepar,student,
technolog,advanc,
work,proactiv,
higher,educ,
educ,pathway,
provid,student,
tool,need,
high,school,
school,equival,
prepar,student,
stem,educ,
empow,student,
student,univers,
's,mission,
empow,student,
equip,student,
will,empow,
empow,student,
make,inform,
inform,decis,
scholar,program,
's,nonprofit,
nonprofit,communiti,
good,work,
charit,organ,
provid,leadership,
educ,program,
lower-incom,individu,
need,confront,
confront,nonprofit,
nonprofit,organ,
broader,nonprofit,
nonprofit,communiti,
new,york,
provid,gender-bas,
gender-bas,educ,
educ,program,
provid,program,
program,direct,
nation,organ,
bronx,center,
superior,educ,
educ,experi,
public,school,
school,children,
school,valu,
educ,children,
bronx,center,
mathemat,will,
will,meet,
social,need,
strateg,support,
support,structur,
bronx,center,
will,prepar,
new,museum,
educ,program,
high,school,
provid,qualiti,
qualiti,career,
technic,educ,
school,offer,
technic,program,
real-lif,experi,
empow,student,
low-incom,communiti,
high,school,
inspir,children,
investig,skill,
support,children,
project-bas,scienc,
scienc,lesson,
help,make,
make,learn,
scienc,access,
help,children,
children,becom,
scienc,educ,
educ,non-profit,
power,scienc,
technolog,educ,
underprivileg,children,
children,creat,
creat,togeth,
onlin,learn,
learn,platform,
platform,children,
metropolitan,scienc,
scienc,center,
educ,student,
challeng,scienc,
scienc,program,
life-long,learn,
colleg,program,
local,communiti,
provid,resourc,
not-for-profit,organ,
organ,dedic,
food,bank,
food,glean,
build,communiti,
communiti,food,
food,system,
rmm,creat,
strengthen,food,
food,bank,
food,pantri,
rmm,support,
support,exist,
develop,food,
food,pantri,
nation,food,
food,network,
artadia,support,
support,visual,
local,communiti,
injur,children,
provid,servic,
special,need,
enabl,individu,
may,live,
help,communiti,
communiti,solv,
friend,provid,
innov,program,
program,promot,
uniqu,need,
special,need,
provid,holist,
child,develop,
life-skil,program,
children,chorus,
washington,provid,
music,experi,
young,peopl,
except,educ,
educ,program,
communiti,partnership,
provid,urgent,
urgent,need,
need,pediatr,
indig,children,
develop,countri,
wide,use,
use,solut,
elimin,food,
food,wast,
make,food,
food,rescu,
food,hunger,
allianc,mission,
communiti,charact,
scientif,data,
provid,holist,
child,develop,
life-skil,program,
individu,around,
arizona,scienc,
scienc,center,
center,mission,
entertain,peopl,
provid,qualiti,
qualiti,servic,
incom,individu,
independ,nonprofit,
nonprofit,organ,
will,provid,
provid,ongo,
loan,servic,
tribal,communiti,
injur,children,
provid,servic,
special,need,
enabl,individu,
may,live,
individu,live,
entir,communiti,
childhood,educ,
educ,program,
montclair,communiti,
provid,kid,
posit,learn,
learn,experi,
outdoor,skill,
nonprofit,christian,
christian,organ,
organ,dedic,
make,discipl,
cmpi,will,
will,continu,
continu,provid,
provid,learn,
learn,opportun,
innov,program,
creat,opportun,
connect,communiti,
bono,servic,
servic,make,
make,busi,
organ,work,
improv,societi,
bono,servic,
servic,will,
will,enabl,
urgent,social,
social,challeng,
creat,job,
sustain,social,
develop,transfer,
job,skill,
educ,nonprofit,
local,nonprofit,
partnership,will,
will,allow,
screen,nonprofit,
connect,provid,
issue-bas,learn,
project-bas,work,
select,nonprofit,
right,help,
help,peopl,
peopl,across,
challeng,system,
creat,posit,
scientif,data,
engag,volunt,
youth,communiti,
communiti,guild,
guild,will,
will,help,
help,close,
public,educ,
provid,transform,
enabl,public,
public,middl,
middl,school,
low-incom,communiti,
provid,along,
along,learn,
learn,day,
school,put,
adultson,track,
creat,memor,
public,space,
donorschoose.org,make,
public,school,
school,teacher,
america,creat,
creat,classroom,
classroom,project,
project,request,
ptalink,mission,
new,york,
citi,public,
public,school,
school,system,
make,parent,
parent,organ,
organ,stronger,
parent,organ,
collabor,communiti,
communiti,across,
across,public,
public,school,
provid,parent,
share,experi,
prevent,center,
develop,transfer,
job,skill,
children,chorus,
washington,provid,
music,experi,
young,peopl,
except,educ,
educ,program,
communiti,partnership,
crisi,food,
food,center,
center,provid,
near,new,
new,shop,
provid,new,
gentl,use,
use,cloth,
respit,help,
help,peopl,
product,life,
support,communiti,
empow,individu,
provid,hope,
improv,therapi,
new,york,
neighborhood,work,
across,new,
new,york,
center,network,
relat,servic,
student,make,
creat,opportun,
human,need,
feed,peopl,
peopl,spirit,
use,food,
peopl,heart,
food,distribut,
save,live,
support,research,
provid,financi,
worker,help,
help,societi,
help,children,
children,thrive,
community-bas,program,
help,mission,
provid,meal,
incom,support,
support,servic,
help,peopl,
peopl,afford,
afford,food,
nutrit,educ,
creat,long,
art,organ,
organ,across,
creativ,live,
professional/organiz,develop,
evangel,organ,
organ,help,
street,children,
provid,softwar,
social,busi,
busi,manag,
centric,communiti,
social,busi,
centric,communiti,
social,market,
audienc,need,
provid,lead,
creat,social,
social,chang,
organ,idea,
develop,strategi,
keep,system,
system,optim,
long-term,support,
good,work,
nonprofit,organ,
educ,institut,
cloud,technolog,
fundrais,manag,
manag,tool,
social,ventur,
perform,manag,
manag,capac,
nonprofit,organ,
organ,global,
manag,event-bas,
funds/transact,support,
support,infrastructur,
manag,fundrais,
recruit,network,
network,technolog,
technolog,profession,
colleg,student,
pursu,career,
speaker,will,
will,give,
provid,student,
typic,work,
work,hour,
skill,need,
student,tend,
profession,will,
speaker,work,
student,will,
panel,will,
will,take,
size,will,
will,rang,
15-25,student,
area,technolog,
technolog,profession,
79,work,
young,peopl,
peopl,age,
high,school,
school,equival,
connect,student,
divers,career,
career,field,
alreadi,work,
partner,organ,
organ,includ,
new,york,
new,york,
new,york,
huge,need,
student,learn,
technolog,profession,
speaker,will,
career,path,
experi,answer,
answer,student,
student,question,
work,share,
ani,resourc,
resourc,help,
seeker,help,
student,think,
workforc,develop,
develop,coordin,
altern,school,
program,nyc,
educ,cmsa,
cmsa,need,
need,engin,
help,motiv,
sophomor,student,
grade,student,
scholar,program,
intervent,career,
culmin,project,
critic,inform,
futur,educ,
educ,option,
everi,project,
need,guest,
nearbi,center,
feel,like,
young,peopl,
provid,technolog,
financ,servic,
afford,nonprofit,
nonprofit,job,
talk,program,
program,work,
career,and/or,
cps,student,
will,work,
public,speak,
speak,skill,
chicago,public,
public,school,
school,student,
inspir,student,
project,base,
base,data,
data,analyt,
analyt,program,
program,focus,
girl,skill,
excit,new,
new,field,
data,analyt,
career,cafe,
invit,peopl,
work,backward,
chosen,career,
student,want,
extrem,use,
high,school,
school,experi,
high,school,
school,student,
student,prepar,
eventu,career,
also,present,
auirv,also,
also,offer,
offer,educ,
educ,program,
free,program,
femal,student,
need,femal,
femal,student,
student,will,
volunt,mentor,
high,school,
build,skill,
skill,necessari,
dual,mission,
graduat,student,
post-secondari,educ,
also,readili,
work,forc,
student,vocat,
futur,work,
work,forc,
new,york,
student,comput,
comput,technolog,
network,skill,
work-bas,learn,
learn,opportun,
support,1,
come,learn,
work-bas,learn,
learn,hour,
student,place,
establish,will,
will,alreadi,
oper,system,
electron,technolog,
establish,will,
will,chang,
student,live,
high,school,
school,diploma,
provid,direct,
profession,develop,
develop,within,
prepar,individu,
product,member,
preliminari,site,
site,visit,
visit,will,
student,placement,
posit,experi,
case,manag,
case,manag,
manag,ensur,
case,manag,
manag,need,
case,manag,
manag,attent,
realli,help,
help,kid,
provid,hand,
project,base,
youth-serv,organ,
5,000,student,
help,inspir,
key,program,
scienc,educ,
educ,nonprofit,
dynam,communiti,
children,creat,
creat,togeth,
provid,feedback,
middl,school,
school,student,
design,project,
student,post,
project,onlin,
skill,stem,
young,peopl,
support,children,
stem,learn,
learn,platform,
help,student,
student,develop,
thing,work,
tri,new,
new,idea,
local,communiti,
scienc,communic,
mentor,skill,
high,school,
school,scienc,
scienc,fair,
grow,need,
post-secondari,educ,
offic,use,
also,includ,
make,sure,
laptop,will,
will,remain,
remain,network,
new,isp,
small,new,
new,nonprofit,
nonprofit,need,
food,bank,
need,assist,
new,server,
will,also,
also,need,
need,help,
help,configur,
access,need,
injur,children,
provid,servic,
special,need,
enabl,individu,
may,live,
special,need,
peopl,first,
individu,challeng,
need,someon,
inform,easili,
access,will,
will,allow,
special,need,
need,children,
communiti,lack,
three,public,
public,hous,
work,age,
public,hous,
databas,will,
1.,track,
2.,track,
track,improv,
enterpris,databas,
suggest,databas,
provid,access,
suggest,technolog,
applic,develop,
product,use,
solut,like,
like,red,
volunt,organ,
special,need,
social,experi,
need,help,
help,upgrad,
effici,manag,
current,technolog,
technolog,help,
help,us,
us,track,
document,data,
high,school,
help,us,
databas,manag,
manag,system,
provid,student,
staff,project,
project,workflow,
provid,us,
real,databas,
use,excel,
real,databas,
make,sure,
also,track,
track,chorist,
technolog,tool,
tool,will,
will,help,
help,us,
umbrella,organ,
communiti,villag,
virtual,communiti,
help,senior,
citizen,live,
need,help,
organiz,inform,
databas,must,
will,becom,
food,rescue”,
will,simpli,
use,sf,
fundrais,data,
code,experi,
scientif,data,
social,media,
need,assist,
will,help,
help,us,
current,social,
social,media,
prospect,student,
current,student,
supplement,educ,
educ,polici,
will,audit,
current,social,
social,media,
holist,social,
social,media,
strengthen,social,
social,media,
strategi,will,
will,also,
also,allow,
educ,throughout,
salesforc,databas,
creat,workflow,
data,structur,
entertain,peopl,
and/or,program,
program,design,
seek,individu,
special,skill,
enjoy,work,
ani,program,
program,design,
provid,much,
much,need,
need,servic,
desper,need,
stand,technolog,
resourc,toward,
communiti,corp,
corp,volunt,
immens,need,
new,nonprofit,
nonprofit,startup,
certifi,develop,
develop,fund,
requir,technolog,
technolog,servic,
sof,need,
share,inform,
busi,resourc,
injur,children,
provid,servic,
special,need,
enabl,individu,
may,live,
special,need,
peopl,first,
individu,challeng,
new,server,
overal,use,
technolog,includ,
make,recommend,
will,support,
recommend,will,
will,enabl,
make,inform,
inform,decis,
futur,technolog,
technolog,plan,
lead,organ,
organ,support,
cultur,communiti,
teach,student,
incub,new,
new,project,
catalyst,help,
art,communiti,
communiti,grow,
technolog,infrastructur,
chang,need,
new,technolog,
technolog,plan,
project,will,
will,equip,
art,experi,
network,upgrad,
upgrad,project,
pre-k,school,
pre-k,school,
school,provid,
provid,earli,
childhood,educ,
strateg,program,
technolog,capabl,
better,support,
provid,student,
modern,learn,
learn,condit,
technolog,transform,
transform,program,
provid,resili,
fast,network,
network,access,
school,facil,
upgrad,program,
program,will,
will,includ,
wireless,network,
technic,support,
school,district,
wire,network,
project,will,
provid,kid,
posit,learn,
learn,experi,
outdoor,skill,
pertin,data,
site,http,
built,use,
use,drupal,
drupal,develop,
also,like,
use,click,
will,design,
websit,need,
need,manag,
provid,inform,
communic,technolog,
volunt,skill,
help,enhanc,
recoveryhub,site,
small,nonprofit,
nonprofit,startup,
technolog,solut,
will,impact,
nonprofit,organ,
make,busi,
organ,work,
improv,societi,
bono,servic,
award-win,program,
bono,program,
bono,servic,
drive,social,
social,chang,
web,develop,
nyc,nonprofit,
provid,crucial,
crucial,support,
web,develop,
new,site,
project,lead,
develop,market-bas,
help,improv,
develop,countri,
increas,educ,
educ,among,
develop,countri,
also,want,
peopl,visit,
make,chang,
user,experi,
experi,frfcg.,
develop,transfer,
job,skill,
workplac,social,
social,skill,
authent,work,
work,experi,
high,school,
build,career,
need,help,
also,need,
manag,templat,
pleas,help,
high,school,
local,nonprofit,
authent,learn,
learn,experi,
nonprofit,much,
much,need,
need,support,
make,happen,
immedi,need,
make,chang,
site,without,
3.,databas,
databas,work,
work,disabl,
privat,nonprofit,
nonprofit,organ,
individu,advocaci,
system,chang,
nation,system,
serv,peopl,
includ,peopl,
valuabl,resourc,
current,site,
live,situat,
current,site,
site,doe,
public,instead,
just,use,
use,adob,
provid,interact,
fresh,new,
new,look,
provid,recommend,
help,us,
scientif,data,
2012,use,
use,wordpress,
huge,improv,
alreadi,need,
make,ani,
d,like,
sometim,make,
assess,project,
project,will,
will,review,
use,industry-wid,
girhu,will,
will,help,
help,close,
public,educ,
provid,transform,
learn,scienc,
need,volunt,
volunt,dure,
push,student,
follow,skill,
middl,school,
school,youth,
routing/met,work,
work,youth,
comput,program,
app,develop,
phase,will,
will,take,
citizen,school,
school,new,
new,jersey,
middl,school,
learn,day,
promot,student,
student,achiev,
transform,school,
re-imagin,educ,
new,jersey,
teacher,help,
help,student,
student,learn,
skill,necessari,
data,analysi,
will,transform,
project,chang,
chang,live,
inspir,career,
set,student,
ll,help,
help,student,
student,make,
make,clear,
allianc,need,
crm,system,
independ,nonprofit,
will,need,
keep,track,
like,guidanc,
d,like,
volunt,help,
help,identifi,
web-bas,resourc,
resourc,center,
center,dedic,
improv,nyc,
nyc,public,
public,school,
school,educ,
make,parent,
parent,organ,
organ,stronger,
ptas,need,
site,provid,
provid,parent,
collabor,communiti,
across,public,
public,school,
parent,organ,
organ,leader,
provid,answer,
organ,aim,
advocaci,center,
integr,databas,
databas,system,
case,track,
improv,communic,
identifi,system,
system,gap,
softwar,databas,
help,provid,
provid,advic,
develop,transfer,
job,skill,
workplac,social,
social,skill,
authent,work,
work,experi,
high,school,
build,career,
job,skill,
get,use,
use,merchandis,
inventori,manag,
manag,system,
need,help,
just,need,
simpl,system,
public,radio,
music,educ,
educ,program,
educ,vocalist,
help,youth,
youth,develop,
prior,experi,
music,organ,
kennedi,center,
inclus,program,
choral,experi,
real,databas,
use,excel,
real,databas,
make,sure,
also,track,
track,chorist,
technolog,tool,
tool,will,
will,help,
help,us,
crisi,food,
food,center,
food,pantri,
balanc,food,
also,proud,
summertim,program,
feed,children,
children,breakfast,
keep,track,
use,improv,
data,base,
also,know,
whoever,help,
crisi,food,
food,center,
mani,peopl,
option,will,
will,make,
resourc,access,
will,also,
also,provid,
provid,us,
need,help,
perhap,help,
help,us,
also,open,
will,need,
individu,sponsor,
public,inform,
inform,avail,
open,data,
communiti,member,
public,avail,
avail,data,
social,feed,
help,draw,
develop,softwar,
connect,student,
student,chapter,
support,dure,
project,resourc,
provid,support,
track,impact,
archiv,data,
better,help,
help,refuge,
refuge,manag,
manag,paperwork,
better,track,
track,impact,
countri,need,
help,attract,
keep,track,
secur,system,
system,manag,
school,program,
program,code,
regist,student,
need,need,
distribut,system,
streamlin,data,
data,input,
hallmark,program,
effici,manag,
manag,asset,
contact,inform,
sponsor,data,
use,salesforc,
help,children,
use,salesforc,
help,non-profit,
leverag,technolog,
rubi,use,
manag,provis,
appl,develop,
develop,center,
.the,project,
project,also,
also,contain,
will,need,
need,plist,
appl,develop,
develop,center,
center,site,
will,need,
need,mechan,
help,develop,
ammann.thi,project,
project,need,
phonegap,develop,
develop,app,
web,develop,
design,use,
phonegap,develop,
develop,app,
learn,laser,
n't,need,
need,anoth,
sass-load,need,
need,someth,
use,develop,
os,like,
like,linux,
provid,beauti,
static,social,
social,media,
social,count,
social,networks.to,
networks.to,provid,
social,network,
new,cron-job,
pleas,use,
script,will,
will,grab,
grab,new,
new,data,
jqueri,social,
social,media,
combin,social,
social,feed,
multipl,social,
social,network,
social,plugin,
keyword,track,
review,track,
social,review,
review,site,
review,inform,
client,like,
inventori,manag,
manag,use,
use,eloqu,
yalxpitem,manag,
yalxpstock,manag,
movement,track,
yalxpsuppli,manag,
yalxptransact,manag,
databas,transact,
may,use,
simpli,use,
need,automat,
track,categori,
re,use,
databas,tabl,
n't,like,
manag,product,
product,easili,
common,product,
product,action,
manag,node,
just,like,
see,product,
product,list,
product,list,
product,name,
edit,product,
action,product,
product,list,
product,per,
.each,product,
indic,product,
product,becom,
new,tab,
edit,product,
clone,product,
product,list,
new,product,
new,product,
group,product,
product,process,
select,product,
select,product,
select,product,
inventori,manag,
manag,softwar,
high,school,
work,fine,
keep,track,
•also,manag,
manag,multipl,
track,school,
school,bus,
refuel,data,
certain,product,
product,go,
etc.usag,like,
like,said,
re,use,
might,need,
will,answer,
databas,use,
dump,provid,
dump,provid,
sampl,data,
also,make,
make,sure,
might,also,
data,center,
initi,develop,
develop,in-hous,
univers,inform,
inform,technolog,
technolog,servic,
cours,project,
databas,system,
system,cours,
chain,manag,
manag,system,
ylbgj,will,
will,occur,
network,manag,
modul,provid,
provid,type,
network,manag,
file,use,
live,network,
network,manag,
manag,use,
persist,network,
network,configur,
current,support,
network,manag,
manag,ui,
multi-sit,network,
creat,new,
new,network,
extens,site,
discoveri,servic,
also,provid,
status,inform,
manag,server,
also,reduc,
manag,server,
relev,inform,
dynam,network,
exampl,resourc,
resourc,type,
develop,various,
configur,manag,
manag,tool,
configur,manag,
exampl,network,
network,configur,
early-stag,develop,
develop,instal,
project,use,
use,compos,