recruit,network,
network,technolog,
technolog,profession,
colleg,student,
pursu,career,
speaker,will,
will,give,
provid,student,
typic,work,
work,hour,
skill,need,
student,tend,
profession,will,
speaker,work,
student,will,
panel,will,
will,take,
approxim,one,
one,hour,
size,will,
will,rang,
15-25,student,
area,technolog,
technolog,profession,
79,work,
young,peopl,
peopl,age,
pursu,high,
high,school,
school,equival,
connect,student,
profession,role,
divers,career,
career,field,
alreadi,work,
partner,organ,
organ,includ,
new,york,
new,york,
new,york,
huge,need,
student,learn,
technolog,profession,
speaker,will,
career,path,
experi,answer,
answer,student,
student,question,
work,share,
ani,resourc,
resourc,help,
seeker,help,
student,think,
workforc,develop,
develop,coordin,
altern,school,
program,nyc,
educ,cmsa,
cmsa,need,
need,engin,
help,motiv,
sophomor,student,
grade,student,
scholar,program,
intervent,career,
culmin,project,
critic,inform,
futur,educ,
educ,option,
everi,project,
need,guest,
feel,like,
young,peopl,
profession,success,
provid,technolog,
talk,program,
program,work,
stem,profession,
career,and/or,
cps,student,
will,work,
speak,skill,
public,school,
school,student,
inspir,student,
two,year,
project,base,
base,data,
data,analyt,
analyt,program,
program,focus,
build,girl,
girl,skill,
excit,new,
new,field,
data,analyt,
career,cafe,
invit,peopl,
work,backward,
chosen,career,
student,want,
extrem,use,
high,school,
school,experi,
high,school,
school,student,
student,prepar,
eventu,career,
dure,one,
also,present,
auirv,also,
also,offer,
offer,educ,
educ,program,
free,program,
femal,student,
need,femal,
femal,student,
student,will,
volunt,mentor,
technic,high,
high,school,
team,build,
build,skill,
skill,necessari,
high,technic,
graduat,student,
post-secondari,educ,
also,readili,
work,forc,
student,vocat,
futur,work,
work,forc,
new,york,
student,comput,
comput,technolog,
network,skill,
work-bas,learn,
learn,opportun,
come,learn,
16-18,year,
year,old,
work-bas,learn,
learn,hour,
2,year,
student,place,
establish,will,
will,alreadi,
comput,softwar,
oper,system,
electron,technolog,
establish,will,
will,chang,
student,live,
endors,high,
high,school,
school,diploma,
provid,direct,
profession,develop,
develop,within,
product,member,
preliminari,site,
site,visit,
visit,will,
student,placement,
posit,experi,
case,manag,
case,manag,
manag,ensur,
case,manag,
manag,need,
case,manag,
manag,attent,
display,high,
high,level,
realli,help,
help,kid,
kid,build,
provid,hand,
project,base,
youth-serv,organ,
academ,year,
5,000,student,
help,inspir,
key,program,
scienc,educ,
educ,nonprofit,
stem,profession,
provid,feedback,
middl,school,
school,student,
design,project,
student,post,
project,onlin,
skill,stem,
stem,profession,
profession,repli,
young,peopl,
stem,learn,
learn,platform,
help,student,
student,develop,
thing,work,
tri,new,
new,idea,
mentor,skill,
annual,high,
high,school,
school,scienc,
grow,need,
post-secondari,educ,
offic,use,
also,includ,
make,sure,
laptop,will,
will,remain,
remain,network,
new,isp,
small,new,
new,nonprofit,
nonprofit,need,
server,setup,
bank,softwar,
need,assist,
current,nas,
nas,server,
new,server,
will,also,
also,need,
need,help,
help,configur,
access,need,
provid,servic,
special,need,
special,need,
peopl,first,
need,someon,
assist,us,
inform,easili,
access,will,
will,allow,
allow,us,
special,need,
need,children,
hous,build,
work,age,
databas,will,
1.,track,
2.,track,
track,improv,
enterpris,databas,
suggest,databas,
provid,access,
suggest,technolog,
web,server,
applic,develop,
product,use,
solut,like,
like,red,
volunt,organ,
special,need,
social,experi,
need,help,
help,upgrad,
effici,manag,
current,technolog,
technolog,help,
help,us,
us,track,
document,data,
high,school,
help,us,
databas,manag,
manag,system,
provid,student,
staff,project,
project,workflow,
current,“system”,
provid,us,
current,configur,
real,databas,
use,excel,
real,databas,
make,sure,
one,place,
current,ticket,
also,track,
track,chorist,
technolog,tool,
tool,will,
will,help,
help,us,
us,spread,
umbrella,organ,
help,senior,
need,help,
organiz,inform,
databas,must,
will,becom,
will,simpli,
use,sf,
last,year,
fiscal,year,
year,date,
fundrais,data,
fiscal,year,
year,date,
code,experi,
scientif,data,
social,media,
one,reason,
need,assist,
will,help,
help,us,
current,social,
social,media,
prospect,student,
among,current,
current,student,
supplement,educ,
educ,polici,
will,audit,
current,social,
social,media,
holist,social,
social,media,
strengthen,social,
social,media,
strategi,will,
will,also,
also,allow,
allow,us,
educ,throughout,
salesforc,databas,
data,structur,
entertain,peopl,
and/or,program,
program,design,
special,skill,
enjoy,work,
ani,program,
program,design,
design,expertis,
provid,much,
much,need,
need,servic,
50,year,
desper,need,
stand,technolog,
resourc,toward,
corp,volunt,
immens,need,
high,motiv,
new,nonprofit,
certifi,develop,
develop,fund,
requir,technolog,
technolog,servic,
sof,need,
share,inform,
busi,resourc,
provid,servic,
special,need,
special,need,
peopl,first,
new,server,
overal,use,
technolog,includ,
make,recommend,
will,support,
recommend,will,
will,enabl,
enabl,us,
make,inform,
inform,decis,
futur,technolog,
technolog,plan,
lead,organ,
organ,support,
art,profession,
teach,student,
incub,new,
new,project,
catalyst,help,
recent,year,
technolog,infrastructur,
chang,need,
new,technolog,
technolog,plan,
guid,us,
project,will,
will,equip,
equip,us,
art,experi,
network,upgrad,
upgrad,project,
pre-k,school,
pre-k,school,
school,provid,
provid,earli,
childhood,educ,
strateg,program,
technolog,capabl,
provid,student,
modern,learn,
learn,condit,
technolog,transform,
transform,program,
provid,resili,
fast,network,
network,access,
school,facil,
upgrad,program,
program,will,
will,includ,
wireless,network,
school,district,
wire,network,
project,will,
provid,kid,
posit,learn,
learn,experi,
outdoor,skill,
pertin,data,
site,http,
built,use,
use,drupal,
drupal,develop,
also,like,
use,click,
will,design,
weebli,websit,
websit,builder,
websit,need,
need,manag,
provid,inform,
communic,technolog,
volunt,skill,
help,enhanc,
recoveryhub,site,
technolog,solut,
will,impact,
nonprofit,organ,
make,busi,
organ,work,
busi,profession,
award-win,program,
bono,program,
engag,profession,
drive,social,
social,chang,
web,develop,
websit,redesign,
provid,crucial,
current,web,
web,develop,
new,site,
project,lead,
develop,market-bas,
help,improv,
develop,countri,
increas,educ,
educ,among,
develop,countri,
also,want,
peopl,visit,
make,chang,
user,experi,
experi,frfcg.,
develop,transfer,
job,skill,
workplac,social,
social,skill,
authent,work,
work,experi,
high,school,
build,career,
need,help,
also,need,
manag,templat,
pleas,help,
high,school,
authent,learn,
learn,experi,
much,need,
need,support,
make,happen,
immedi,need,
make,chang,
site,without,
web,design,
simpl,design,
3.,databas,
databas,work,
work,disabl,
nonprofit,organ,
system,chang,
nation,system,
serv,peopl,
includ,peopl,
valuabl,resourc,
current,site,
contact,us,
current,site,
site,doe,
just,use,
use,adob,
provid,interact,
fresh,new,
new,look,
provid,recommend,
help,us,
us,better,
scientif,data,
2012,use,
use,wordpress,
alreadi,need,
make,ani,
ani,chang,
d,like,
sometim,make,
websit,usabl,
assess,project,
project,will,
will,review,
use,industry-wid,
girhu,will,
will,help,
help,close,
public,educ,
provid,transform,
learn,scienc,
design,solut,
build,someth,
need,volunt,
volunt,dure,
build,phase,
build,activ,
push,student,
follow,skill,
middl,school,
school,youth,
routing/met,work,
work,youth,
comput,program,
app,develop,
next,build,
build,phase,
phase,will,
will,take,
citizen,school,
school,new,
new,jersey,
middl,school,
learn,day,
promot,student,
student,achiev,
transform,school,
re-imagin,educ,
new,jersey,
one,hour,
teacher,help,
help,student,
student,learn,
skill,necessari,
data,analysi,
will,transform,
project,chang,
chang,live,
inspir,career,
set,student,
just,one,
one,hour,
ll,help,
help,student,
student,make,
make,clear,
allianc,need,
crm,system,
will,need,
keep,track,
like,guidanc,
d,like,
volunt,help,
help,identifi,
web-bas,resourc,
resourc,center,
public,school,
school,educ,
make,parent,
parent,organ,
organ,stronger,
ptas,need,
site,provid,
provid,parent,
public,school,
parent,organ,
organ,leader,
provid,answer,
organ,aim,
integr,databas,
databas,system,
case,track,
identifi,system,
system,gap,
softwar,databas,
help,provid,
provid,advic,
develop,transfer,
job,skill,
workplac,social,
social,skill,
authent,work,
work,experi,
high,school,
build,career,
job,skill,
get,use,
use,merchandis,
inventori,manag,
manag,system,
consign,softwar,
softwar,packag,
need,help,
just,need,
custom,design,
design,simpl,
simpl,system,
music,educ,
educ,program,
educ,vocalist,
help,youth,
youth,develop,
prior,experi,
music,organ,
inclus,program,
choral,experi,
real,databas,
use,excel,
real,databas,
make,sure,
one,place,
current,ticket,
also,track,
track,chorist,
technolog,tool,
tool,will,
will,help,
help,us,
us,spread,
set,us,
us,apart,
also,proud,
summertim,program,
keep,track,
use,improv,
fund,us,
right,softwar,
right,softwar,
data,base,
also,know,
whoever,help,
mani,peopl,
option,will,
will,make,
resourc,access,
will,also,
also,provid,
provid,us,
need,help,
perhap,help,
help,us,
wordpress,websit,
also,open,
will,need,
public,inform,
inform,avail,
open,data,
avail,data,
social,feed,
help,draw,
develop,softwar,
connect,student,
student,chapter,
project,resourc,
provid,support,
track,impact,
archiv,data,
better,help,
help,refuge,
refuge,manag,
manag,paperwork,
better,track,
track,impact,
countri,need,
help,attract,
keep,track,
secur,system,
system,manag,
school,program,
program,code,
regist,student,
need,need,
distribut,system,
streamlin,data,
data,input,
hallmark,program,
effici,manag,
manag,asset,
contact,inform,
sponsor,data,
use,salesforc,
help,children,
sponsor,want,
want,pictur,
use,salesforc,
help,non-profit,
leverag,technolog,
rubi,use,
manag,provis,
appl,develop,
develop,center,
.the,project,
project,also,
also,contain,
will,need,
need,plist,
appl,develop,
develop,center,
center,site,
will,need,
need,mechan,
owen,design,
help,develop,
one,click,
ammann.thi,project,
project,need,
phonegap,develop,
develop,app,
web,develop,
design,use,
phonegap,develop,
develop,app,
learn,laser,
n't,need,
need,anoth,
sass-load,need,
need,someth,
use,develop,
os,like,
like,linux,
provid,beauti,
static,social,
social,media,
social,count,
social,networks.to,
networks.to,provid,
social,network,
new,cron-job,
pleas,use,
script,will,
will,grab,
grab,new,
new,data,
jqueri,social,
social,media,
combin,social,
social,feed,
multipl,social,
social,network,
social,plugin,
keyword,track,
review,track,
social,review,
review,site,
review,inform,
client,like,
inventori,manag,
manag,use,
use,eloqu,
yalxpitem,manag,
yalxpstock,manag,
movement,track,
yalxpsuppli,manag,
yalxptransact,manag,
current,log,
databas,transact,
inventori,chang,
may,use,
simpli,use,
need,automat,
track,categori,
locat,chang,
re,use,
databas,tabl,
n't,like,
manag,product,
product,easili,
one,page,
common,product,
product,action,
manag,node,
just,like,
see,product,
product,list,
product,list,
product,name,
edit,product,
action,product,
product,list,
product,per,
.each,product,
indic,product,
product,becom,
new,tab,
edit,product,
clone,product,
product,list,
new,product,
new,product,
current,select,
group,product,
product,process,
select,product,
select,product,
select,product,
inventori,manag,
manag,softwar,
softwar,written,
high,school,
work,fine,
softwar,keep,
keep,track,
•also,manag,
manag,multipl,
track,school,
school,bus,
refuel,data,
certain,product,
product,go,
etc.usag,like,
like,said,
re,use,
might,need,
will,answer,
current,code,
databas,use,
dump,provid,
dump,provid,
sampl,data,
also,make,
make,sure,
might,also,
ve,chang,
sourc,softwar,
softwar,packag,
data,center,
initi,develop,
develop,in-hous,
univers,inform,
inform,technolog,
technolog,servic,
cours,project,
databas,system,
system,cours,
chain,manag,
manag,system,
ylbgj,will,
will,occur,
network,manag,
modul,provid,
provid,type,
network,manag,
file,use,
live,network,
network,manag,
manag,use,
persist,network,
network,configur,
current,support,
network,manag,
manag,ui,
multi-sit,network,
surround,one,
one,central,
creat,new,
new,network,
extens,site,
also,provid,
central,server,
status,inform,
central,server,
standalon,server,
server,locat,
manag,server,
server,locat,
also,reduc,
manag,server,
relev,inform,
central,server,
dynam,network,
exampl,resourc,
resourc,type,
develop,various,
configur,manag,
manag,tool,
configur,manag,
exampl,network,
network,configur,
early-stag,develop,
develop,instal,
project,use,
use,compos,